<?xml version="1.0" encoding="UTF-8"?>
<beans xmlns="http://www.springframework.org/schema/beans"
	xmlns:xsi="http://www.w3.org/2001/XMLSchema-instance" xmlns:context="http://www.springframework.org/schema/context"
	xmlns:batch="http://www.springframework.org/schema/batch" xmlns:hdp="http://www.springframework.org/schema/hadoop"
	xsi:schemaLocation="http://www.springframework.org/schema/beans http://www.springframework.org/schema/beans/spring-beans.xsd
		http://www.springframework.org/schema/context http://www.springframework.org/schema/context/spring-context.xsd
http://www.springframework.org/schema/hadoop http://www.springframework.org/schema/hadoop/spring-hadoop.xsd
		http://www.springframework.org/schema/batch http://www.springframework.org/schema/batch/spring-batch.xsd">

	<batch:job id="hdfsscript" restartable="false">
		<batch:step id="hdfsStep">
			<hdp:script-tasklet id="script-tasklet">
				<hdp:script language="groovy" location="hdfsscript-archive.groovy"
					run-at-startup="false">
					<hdp:property name="sourceDir" value="${sourceDir}" />
					<hdp:property name="targetDir" value="${targetDir}" />
					<hdp:property name="deleteFiles" value="${deleteFiles}" />
                    <hdp:property name="dateFormat" value="${dateFormat}" />     												
				</hdp:script>
			</hdp:script-tasklet>
		</batch:step>
	</batch:job>

	<bean id="hadoopFs"
		class="org.springframework.data.hadoop.fs.FileSystemFactoryBean">
		<property name="configuration" ref="hadoopConfiguration" />
	</bean>

	<hdp:configuration register-url-handler="false"
		properties-location="${xd.config.home}/hadoop.properties">
		fs.default.name=${spring.hadoop.fsUri}
	</hdp:configuration>
	<hdp:resource-loader id="hadoopResourceLoader" />

</beans>
